Method,Trustworthiness@10,2D label purity@10,Silhouette (labels),Global distance Spearman ρ,Runtime (s)
PCA,0.7858130081300814,0.4485,0.028669679537415504,0.5986018417032986,13.905816596999955
MDA,0.7722032520325204,0.874,0.5097225308418274,0.4353233338249189,8.872013883000022
KPCA,0.7547018970189702,0.447,0.05823211744427681,0.20072496658803737,0.009317381000016667
Isomap,0.8245311653116532,0.53,0.1295439898967743,0.5743864014850224,1.1971584480000388
