cluster,sample_count,mean_trial_count,mean_phase3_trial_count,mean_success_rate,mean_failure_rate,mean_avg_enrollment_n,mean_avg_duration_months,mean_avg_stock_impact_pct,mean_approval_count,mean_blockbuster_count,mean_mega_blockbuster_count,mean_avg_peak_sales_usd_bn_est,mean_total_peak_sales_usd_bn_est,mean_biologic_approval_count,mean_small_molecule_approval_count,mean_disease_burden_global_millions,mean_disease_burden_regional_sum_millions,mean_mapped_disease_count,mean_funding_deal_count,mean_funding_megadeal_count,mean_funding_total_usd_bn,mean_funding_avg_value_usd_bn,mean_pharma_company_count,mean_pharma_revenue_total_usd_bn,mean_pharma_operating_margin_avg_pct,mean_pharma_rd_spend_total_usd_bn,mean_pharma_pipeline_total_est
1,99,2.4040404040404,1.28282828282828,0.595863395863396,0.282311207311207,695.355747955748,26.7218855218855,1.69924482924483,2.35353535353535,0.545454545454545,0.131313131313131,1.10827525252525,2.94858585858586,0.656565656565657,1.34343434343434,139.89898989899,143.073333333333,1.35353535353535,60.4747474747475,1.88888888888889,77.0646161616162,1.2580303241115,27.6464646464646,682.854141414142,26.0449570799571,110.640101010101,1574.69696969697
2,86,2.08139534883721,1.04651162790698,0.599160206718346,0.242617201919528,677.49880952381,26.4048449612403,0.990982373569583,2.16279069767442,0.430232558139535,0.151162790697674,0.939741279069767,2.59872093023256,0.569767441860465,1.2093023255814,149.598837209302,151.607674418605,1.38372093023256,81.4069767441861,3.65116279069767,145.849534883721,1.62859499407947,30,984.175697674419,24.7756976744186,163.790348837209,1838.89534883721
3,19,9.57894736842105,5.73684210526316,0.336512172038488,0.51473124828388,901.142968142968,30.1928320217794,-4.89940896092212,15.9473684210526,3.26315789473684,0.842105263157895,1.3203942112583,17.48,5.47368421052632,8.73684210526316,262.894736842105,263.054736842105,1.42105263157895,78.7368421052632,3.31578947368421,126.743315789474,1.57442547995669,29,819.166842105263,25.4468199344515,134.683157894737,1704.63157894737
